0.0	0.0	0.0	0.0	0.0	0.0	0.0	0.0	0.0	0.0	0.0	0.0	0.0	0.0	0.0	0.0	0.0	0.0	0.0	0.0	0.0	0.0	0.0	0.0	0.0
-1.5626873970031738	-1.1601028442382812	-0.33484137058258057	0.44777265191078186	-0.8016449809074402	1.523611307144165	2.508586883544922	-0.6630959510803223	-0.2512752413749695	1.010144829750061	0.12154674530029297	0.1583993285894394	1.1340187788009644	-1.1538976430892944	-0.29839712381362915	-0.5075363516807556	-0.9239211678504944	0.5467060208320618	-1.4947774410247803	-1.2057148218154907	0.5718197822570801	-0.5973544716835022	-0.6936755776405334	1.6455388069152832	-0.80299311876297
1.3514108657836914	-0.2759193181991577	-1.5108345746994019	2.1047730445861816	2.7629590034484863	-1.7465293407440186	1.4515900611877441	-1.51028311252594	0.8211537599563599	-0.2115272432565689	0.778898298740387	1.533268690109253	1.609736442565918	-0.40322771668434143	-0.8344702124595642	0.5978007912635803	-0.0514058843255043	-0.06455874443054199	-0.4970056712627411	0.46575629711151123	-0.2572585642337799	-1.0672591924667358	2.008941411972046	-0.5369768142700195	0.22279922664165497
0.6970545649528503	-1.4266635179519653	0.905942440032959	0.14459480345249176	0.2280004322528839	2.4899635314941406	-1.2236709594726562	1.0106691122055054	0.5559964776039124	-1.593490481376648	-1.2706458568572998	0.6903256773948669	-0.1961350291967392	0.34491443634033203	-0.34188607335090637	0.47587183117866516	-0.7663398385047913	-0.41896241903305054	-0.4369948208332062	-1.0012072324752808	-0.4094282388687134	-1.666936993598938	-1.3651437759399414	-0.16552402079105377	0.9622515439987183
0.031548891216516495	-0.7419016361236572	-0.2977895438671112	0.017165666446089745	-0.17722390592098236	-0.13342918455600739	0.2939574122428894	1.3849539756774902	0.12091276049613953	2.5417871475219727	-0.6404600143432617	-1.9740104675292969	-0.3295690417289734	0.007958884350955486	0.926234781742096	-1.8845555782318115	0.16696159541606903	0.4586223363876343	-1.7662065029144287	0.5859861969947815	1.751031517982483	0.28072214126586914	0.31096315383911133	-0.6537580490112305	-0.6576263308525085
0.3206039071083069	-0.5547746419906616	-1.4717023372650146	-2.0591344833374023	1.8287932872772217	1.3098617792129517	-0.4529263973236084	1.3502967357635498	1.685261845588684	-0.1205698773264885	-1.676095724105835	-0.02819889411330223	0.07511520385742188	1.0503252744674683	0.677190899848938	0.3072778880596161	-0.7514370679855347	0.7417716383934021	0.8865267038345337	2.2812438011169434	0.9570584893226624	-1.5268125534057617	-0.28898122906684875	-0.11164666712284088	-0.3127883970737457
-0.629311740398407	1.1385066509246826	-0.9912739396095276	0.169989213347435	1.2248739004135132	-0.23453891277313232	-1.057160496711731	-0.6542675495147705	1.590885043144226	-0.6994915008544922	-0.8960562348365784	0.06619130074977875	-0.05628031864762306	2.3412230014801025	-2.723433017730713	0.509672999382019	-0.8144686222076416	-0.2460404336452484	0.00450854329392314	2.0474298000335693	-0.15754561126232147	-0.21867051720619202	-1.3519301414489746	-0.05728059262037277	-1.8539780378341675
-1.3848899602890015	-0.3453995883464813	-1.1625038385391235	0.1444808542728424	0.16632311046123505	0.750699520111084	0.9131731390953064	-1.7277393341064453	1.305539846420288	0.9593234062194824	1.0599628686904907	0.6298635005950928	-1.2866657972335815	-0.6874811053276062	2.138218641281128	0.5114126801490784	1.2190899848937988	0.19098009169101715	-0.34250783920288086	1.795508861541748	1.3914594650268555	1.0785222053527832	-0.614952027797699	-0.458853155374527	0.5674815773963928
0.01828905940055847	-1.6608494520187378	1.1169222593307495	0.5196537375450134	-1.2423067092895508	-0.9618202447891235	-0.08499836921691895	0.11854201555252075	0.29843246936798096	-0.726357102394104	-0.3118688464164734	-0.4560410678386688	0.6440739631652832	0.6072801351547241	1.2396585941314697	0.732494056224823	0.5041829943656921	0.8713492155075073	-0.2741580903530121	-0.7468928694725037	-0.5832390785217285	0.36988478899002075	-0.5556255578994751	-0.3982807993888855	-0.5818784832954407
-0.22083429992198944	0.013537073507905006	-0.30573570728302	-0.030383771285414696	0.8216063976287842	0.00038670364301651716	-0.4474215507507324	0.8203955888748169	-1.5177528858184814	0.615872323513031	-1.8647949695587158	-0.977726936340332	0.06322354078292847	-0.45483162999153137	-0.4147402048110962	1.498700499534607	-0.03986679017543793	-0.8051018118858337	-1.1624464988708496	0.42715996503829956	-0.28192490339279175	-0.012773276306688786	-0.8779162168502808	-0.322482168674469	0.18299299478530884
-0.930302083492279	-1.2487695217132568	1.1191740036010742	-1.9079235792160034	-0.5275633931159973	1.0806552171707153	0.45617806911468506	-1.0916637182235718	-0.8207252621650696	1.863386631011963	0.8148492574691772	-0.06429699063301086	1.42365300655365	0.26172587275505066	-1.8527899980545044	0.20185528695583344	-1.1786739826202393	-0.10357926785945892	-1.7830102443695068	-0.8323385715484619	-0.43461841344833374	-1.248038649559021	-0.2879653871059418	0.8808599710464478	-0.7189616560935974
0.17448581755161285	0.7519820928573608	-0.06287755072116852	-0.7111267447471619	0.9809958934783936	-0.7244312763214111	-1.500981330871582	-2.8348302841186523	-2.8272130489349365	-0.1735822856426239	0.051187433302402496	-0.6576406955718994	-2.57289457321167	0.021011143922805786	1.0060011148452759	-1.2491579055786133	0.24413247406482697	-0.6386623382568359	-0.31861287355422974	-1.294150710105896	-1.0725998878479004	0.2290133833885193	-0.9000848531723022	0.6613986492156982	0.5117782354354858
0.6714090704917908	-1.367542028427124	0.5473867654800415	0.08291392028331757	0.3591541051864624	-1.6476699113845825	-0.7545648217201233	0.0650620087981224	0.9892219305038452	-0.2857888638973236	1.1015018224716187	-1.9948737621307373	-1.3875818252563477	1.2779409885406494	-1.1660741567611694	0.5817411541938782	-1.3119136095046997	0.7852473855018616	-1.1544910669326782	1.3175137042999268	2.2077088356018066	-0.22271114587783813	0.5462883710861206	2.587218761444092	-0.46372777223587036
-0.13375350832939148	0.3899356424808502	-0.28840020298957825	-1.4650987386703491	0.010135788470506668	-0.30044445395469666	-1.5733307600021362	0.014811426401138306	-0.04472201690077782	-0.5366580486297607	-0.5222940444946289	-0.21810699999332428	-2.1607625484466553	0.7864578366279602	0.6853548288345337	-1.2575932741165161	0.6093749403953552	-2.055104970932007	-0.44305184483528137	-0.6499459743499756	-0.686965823173523	0.2567388117313385	-1.2668753862380981	0.2644885778427124	-0.6444955468177795
1.0910998582839966	-0.8034555912017822	0.28378918766975403	1.3212306499481201	1.259019136428833	-0.34247443079948425	-2.0738229751586914	1.0653412342071533	-1.063983678817749	0.9839994311332703	-0.0716625526547432	1.0677597522735596	0.23060941696166992	0.5832077264785767	1.675855278968811	0.6046531796455383	-1.866119146347046	1.283435583114624	-0.36760595440864563	-1.902118444442749	0.5475037097930908	0.86342853307724	-0.8526801466941833	0.49475714564323425	-0.9634959697723389
-0.7254575490951538	0.09899462014436722	0.5928415060043335	-0.04220814257860184	-0.9566416144371033	1.4423892498016357	0.43407920002937317	-0.42923492193222046	0.3666061460971832	0.12748311460018158	-0.056004419922828674	0.8315417766571045	-0.5511637330055237	1.0477486848831177	1.6186528205871582	0.4160408079624176	0.336189329624176	-0.45123744010925293	-0.699638307094574	0.9207610487937927	-0.9963358640670776	1.2962043285369873	-2.243354558944702	0.5271806120872498	-0.15849308669567108
0.08869216591119766	0.06315472722053528	-1.1545329093933105	-1.0477049350738525	-0.2614074945449829	-0.7227897047996521	0.16888558864593506	-1.3629835844039917	0.957294762134552	-0.7672474384307861	-1.7698140144348145	0.6863614320755005	-0.2192087322473526	0.25100815296173096	0.17681238055229187	0.5296763777732849	0.31090807914733887	1.170188069343567	-2.1845083236694336	-1.0386029481887817	1.016263723373413	3.203773021697998	-3.7629787921905518	-0.5271857976913452	0.6678169965744019
-1.571237564086914	-0.5600048303604126	-0.2960846722126007	0.5517914295196533	-1.2366158962249756	0.944063127040863	0.7620042562484741	-1.3758585453033447	1.2148842811584473	0.026657162234187126	-2.189716100692749	-1.1729012727737427	2.518336057662964	1.6219682693481445	-1.818329930305481	2.085625648498535	0.15355442464351654	0.11347253620624542	-0.19766122102737427	1.668614387512207	0.615039050579071	0.676145613193512	0.6201003193855286	0.09422419220209122	-0.31789204478263855
0.7892546653747559	-0.8652747869491577	-1.659665822982788	-0.8880176544189453	-1.4521015882492065	0.24661663174629211	-1.622437596321106	0.4452446401119232	0.5002999901771545	-0.7720552086830139	-1.0820003747940063	0.009307420812547207	-0.0011798676569014788	0.08579282462596893	0.19304509460926056	-1.5650907754898071	-2.1106226444244385	-1.1793267726898193	0.0745101049542427	0.6536330580711365	-0.5033969283103943	-0.21897216141223907	0.025423726066946983	-0.08199948817491531	0.009668426588177681
-1.2184728384017944	1.1472935676574707	-1.5743952989578247	1.3869069814682007	0.7244629263877869	0.6447386145591736	-0.33074721693992615	-1.039657711982727	0.9120465517044067	1.2994186878204346	0.5548673868179321	-0.46444690227508545	-0.5509747862815857	1.1918498277664185	-0.6641697287559509	-0.008711416274309158	-1.171804666519165	0.48376601934432983	0.34982702136039734	-0.5748854875564575	1.2524000406265259	-0.6748216152191162	0.3980473279953003	0.193121537566185	-2.174032688140869
1.674490213394165	-0.040742579847574234	-0.12022865563631058	1.0517101287841797	-0.016441447660326958	0.24705876410007477	0.509971559047699	-0.9044641256332397	1.7874475717544556	0.09036405384540558	-0.37260371446609497	-0.4776659309864044	-0.6078231930732727	1.833426833152771	0.29034698009490967	0.041193168610334396	2.1353588104248047	-0.6836979389190674	-1.6028833389282227	-0.13621577620506287	1.1402878761291504	0.8937314748764038	-2.3986976146698	-1.3413325548171997	-0.9991112947463989
-1.9869520664215088	-0.12166145443916321	-0.8073843717575073	0.9255073666572571	-1.481362223625183	0.1291009485721588	-1.7058171033859253	2.0330376625061035	-0.5062277317047119	-0.10159390419721603	-0.30157312750816345	1.2500661611557007	-0.21368104219436646	-1.1994179487228394	-0.8465573787689209	-0.3351310193538666	1.0040570497512817	0.8656351566314697	0.16878777742385864	-0.2352471798658371	-0.2586249113082886	0.013112240470945835	0.871902585029602	0.9102190732955933	-0.18745002150535583
0.7198560237884521	1.4777315855026245	-0.408601313829422	-1.227837085723877	0.34337136149406433	0.3624143898487091	-1.4460231065750122	-0.37699970602989197	0.7154240608215332	0.3479805588722229	1.000598430633545	0.3503361642360687	0.11521390080451965	-0.10530705004930496	0.29979822039604187	0.12359601259231567	-1.2416709661483765	1.7796767950057983	0.9231970310211182	0.2274516075849533	0.45317161083221436	0.2601049542427063	-0.35631200671195984	0.6646372675895691	0.7504557967185974
-0.5359426736831665	-1.0277100801467896	0.5346938967704773	-0.7958318591117859	0.47800660133361816	0.1587689220905304	-2.31061053276062	0.32266324758529663	1.5431429147720337	-1.0391685962677002	-0.9678280353546143	-0.6960517168045044	0.4683862626552582	0.3586067259311676	-0.8772625923156738	0.32666850090026855	-0.566687822341919	0.043758977204561234	-0.44545722007751465	-0.02672528102993965	1.7925646305084229	-2.070671558380127	-1.8787834644317627	-0.8275387287139893	0.3157210946083069
1.208912968635559	0.2723778784275055	0.028822075575590134	0.9421345591545105	-1.5617930889129639	1.0710536241531372	0.49007943272590637	-0.4875856339931488	1.2396615743637085	-2.1052165031433105	0.9297655820846558	-1.563463807106018	0.3468872308731079	-0.9232087135314941	2.399887800216675	-0.6850820779800415	2.5946996212005615	0.9356148838996887	-0.43714088201522827	-0.10092052817344666	0.00468412134796381	-0.07560189813375473	-2.257054567337036	0.0058272662572562695	-0.028561962768435478
0.47412970662117004	0.35467419028282166	0.3145896792411804	0.08075029402971268	2.620673894882202	-1.2824627161026	-0.4524761438369751	-0.2771575152873993	-1.29634690284729	-0.1304931640625	-0.02463146485388279	-0.957089900970459	0.6359072327613831	0.25234168767929077	0.5045145750045776	-0.6857745051383972	0.18942882120609283	1.3229846954345703	-0.7302433252334595	-0.5444000959396362	0.39989498257637024	-2.1747243404388428	0.24935823678970337	0.135403573513031	-3.046534538269043
-1.3441121578216553	-0.28267860412597656	-0.6887184977531433	-0.689653754234314	0.5899167060852051	0.5531761646270752	0.06510381400585175	-1.7955873012542725	1.314467191696167	1.7041876316070557	0.5254177451133728	-1.2802947759628296	-1.1621228456497192	0.6652052402496338	0.029127631336450577	3.627115249633789	-0.13566632568836212	-0.46482527256011963	-1.4323935508728027	0.12538635730743408	-1.1245167255401611	0.4880852699279785	-0.6895838379859924	-0.7080320715904236	-0.3151944577693939
0.7196409702301025	-0.017801558598876	-1.263461709022522	0.8914420008659363	-1.2858253717422485	-2.1067357063293457	-1.9922449588775635	0.7629420161247253	-0.5948373675346375	0.9827983379364014	-0.41514939069747925	-0.20259429514408112	-1.8955020904541016	0.6117019057273865	0.1095481589436531	0.01568029262125492	-1.063595175743103	0.8397890329360962	0.42111918330192566	-2.0257062911987305	1.0382769107818604	0.5181873440742493	0.5282999873161316	-0.5648419857025146	0.03827466443181038
0.30311188101768494	-2.0651512145996094	-1.1417044401168823	-0.1401243358850479	1.0837171077728271	1.1522027254104614	0.5208381414413452	-0.8996908664703369	0.3743581771850586	-0.04299919679760933	0.7198571562767029	1.8436657190322876	1.4379994869232178	-1.3155158758163452	1.2687711715698242	-0.23611490428447723	0.40567100048065186	-0.33484670519828796	-1.9412823915481567	-1.418124794960022	-0.005706602241843939	-1.3403277397155762	-1.0711208581924438	1.3169971704483032	0.3734212815761566
0.5197680592536926	0.9828507304191589	0.8048233985900879	2.323526620864868	-1.5807664394378662	-1.7793718576431274	0.4093852937221527	0.09294380247592926	0.4970063865184784	0.058484625071287155	0.10326211899518967	0.07201214879751205	1.1079721450805664	0.7292600870132446	0.366499125957489	-0.9268926978111267	-1.2296937704086304	0.10633151233196259	0.05815346911549568	0.5353080034255981	1.1745518445968628	0.08539991825819016	0.011269837617874146	-0.4324834942817688	-0.269421249628067
-2.559579372406006	-0.17528995871543884	-0.974068820476532	0.12509509921073914	1.6380466222763062	-0.5762789249420166	-1.470503568649292	-0.26125219464302063	-0.5368028283119202	-0.7871981859207153	0.014844667166471481	0.46483471989631653	0.6109682321548462	-1.5669503211975098	-0.786819338798523	0.3966672122478485	-0.975451648235321	0.5121861696243286	0.3329887390136719	1.0994606018066406	0.4033544659614563	-1.1089102029800415	-0.05375427380204201	-1.2741283178329468	-0.7105528116226196
0.7490407228469849	0.6799892783164978	-0.2710143029689789	0.029964027926325798	0.24001246690750122	-2.0332794189453125	-0.5537909865379333	0.16957467794418335	0.6984654068946838	0.3744397759437561	-1.4854416847229004	0.6501952409744263	-0.20445555448532104	-0.18769721686840057	0.4486229419708252	0.5571584701538086	-0.5456386804580688	0.16367092728614807	-1.826157808303833	0.6853672862052917	-0.8762404918670654	-1.4931331872940063	1.663366436958313	-0.471801221370697	0.5856717824935913
-0.9578996896743774	0.943454384803772	-2.199228286743164	0.41635796427726746	-0.3564264476299286	-1.0305171012878418	-1.047804355621338	2.170869827270508	-1.0413671731948853	-1.308791995048523	1.0169270038604736	0.47949010133743286	-1.8578134775161743	0.23297207057476044	-0.22053982317447662	-1.486914873123169	-0.6271846294403076	2.014355182647705	-0.6938251256942749	1.6325169801712036	-0.7594934701919556	0.5848603248596191	1.0116313695907593	-0.38033097982406616	-0.43962371349334717
0.1422649323940277	1.2919901609420776	-0.01745450310409069	0.06604194641113281	-0.7335275411605835	0.16186034679412842	-0.33455517888069153	1.5383423566818237	1.0267846584320068	1.3419044017791748	1.6862696409225464	0.7122836709022522	1.3700774908065796	-0.7054522633552551	1.5352163314819336	-0.9594598412513733	2.0559709072113037	0.011900743469595909	1.1134625673294067	-0.2932010889053345	0.21154294908046722	0.8161551356315613	0.37322697043418884	-0.09078115969896317	-1.959176778793335
1.479718804359436	-1.2322858572006226	1.538094162940979	0.5985118746757507	0.12916070222854614	1.5930476188659668	-1.0964162349700928	-0.5616204142570496	0.6586233377456665	-1.3565224409103394	-1.8218055963516235	-0.04330451413989067	-0.25049692392349243	-0.749265730381012	0.4368476867675781	0.4685186743736267	0.4909970164299011	1.0992600917816162	0.18711139261722565	1.23464035987854	-0.8829517364501953	-0.7533286809921265	-0.4113629162311554	-0.4392009675502777	-0.3993745446205139
-0.04112110286951065	0.5410673022270203	0.6957504153251648	2.3390214443206787	0.7349371314048767	-0.2531096637248993	1.463080644607544	-0.316283255815506	-1.753164529800415	0.5349112153053284	-0.3487239480018616	2.3993725776672363	0.2199232280254364	-1.3732044696807861	-0.9149945378303528	-1.9170812368392944	-0.011984421871602535	0.07022103667259216	-2.736701726913452	1.082066535949707	-1.0039393901824951	0.862852931022644	-1.2205225229263306	-0.5225936770439148	0.10197842866182327
-0.3744935989379883	0.37344467639923096	-0.9853717684745789	-0.1960117220878601	-0.6065294742584229	-0.5964736938476562	-0.5247410535812378	-0.9372309446334839	-0.619202196598053	-0.31804901361465454	-0.8194992542266846	-0.4331211745738983	0.9547586441040039	-0.6493067145347595	0.16044466197490692	0.23467130959033966	0.17127113044261932	1.42680025100708	-0.499078631401062	-0.5270048975944519	-1.8054852485656738	-0.1395064741373062	0.19753868877887726	0.13271072506904602	0.6246248483657837
0.8461660146713257	1.2214882373809814	-1.4366317987442017	0.744918942451477	0.7169906497001648	1.2668501138687134	-0.5951730012893677	-0.9784078598022461	0.9395854473114014	2.044982671737671	0.9207324385643005	1.5397751331329346	1.3350013494491577	0.4197327196598053	-0.13157545030117035	-0.142647847533226	1.1891067028045654	2.0392730236053467	1.3139358758926392	-0.9178251028060913	-0.6774255037307739	-0.2710384428501129	-0.54673171043396	-0.4315422475337982	0.11944547295570374
-0.583041787147522	1.3768073320388794	0.0887836441397667	0.2566622793674469	1.039312481880188	0.013975081965327263	-0.11064586043357849	1.93588387966156	2.034982919692993	2.0186877250671387	0.03233950957655907	-0.6337206363677979	0.29380524158477783	1.7984927892684937	-0.3638226389884949	0.4825338125228882	-1.8902802467346191	0.23865455389022827	-0.7604026198387146	0.5127783417701721	-0.8569449782371521	0.5838550329208374	-0.8787326216697693	1.2133597135543823	0.7270354628562927
-0.2060069590806961	1.597295880317688	0.11853276193141937	-1.2549376487731934	1.3024144172668457	0.4759986400604248	-0.8870683908462524	1.3708678483963013	-1.947325348854065	-0.8017255663871765	-1.3055486679077148	-0.49101099371910095	0.4430164098739624	0.21775369346141815	-0.32974568009376526	-0.01916954293847084	0.9225051999092102	0.9186700582504272	0.2997671663761139	0.6106287837028503	0.7790549397468567	0.12368682771921158	1.8619574308395386	1.7080340385437012	-1.6044827699661255
0.32879364490509033	-2.052607297897339	0.5899256467819214	0.4837838411331177	-1.4044402837753296	-0.6744087338447571	-0.48578277230262756	-0.23502762615680695	0.9048912525177002	0.7645649909973145	-0.16607993841171265	0.9162869453430176	-0.6906759738922119	-0.301372766494751	-1.1747093200683594	0.8185877799987793	-2.040217638015747	0.15824103355407715	-0.3008904457092285	-0.5427349209785461	-0.3718428313732147	0.8293747901916504	-0.47880059480667114	1.838151454925537	0.3477834463119507
0.21543602645397186	-0.10288748145103455	-0.09460235387086868	0.006978452671319246	0.14843054115772247	-0.5402732491493225	-1.9312083721160889	-0.785844087600708	-0.6730995178222656	-0.09005802869796753	0.2597614824771881	-0.5348891615867615	0.581165075302124	-0.5356197357177734	-1.7944318056106567	-1.9280081987380981	-0.20830568671226501	-0.6648339033126831	-0.2641104459762573	1.708723545074463	-1.3228623867034912	-0.17105278372764587	0.6873773336410522	1.9919178485870361	1.272424340248108
0.21938632428646088	-1.2614247798919678	-1.027869701385498	0.45888885855674744	-0.6531835794448853	1.1830588579177856	-0.36658987402915955	0.4472300708293915	-0.2842513620853424	0.20793381333351135	1.523555040359497	0.7154284119606018	0.6585196256637573	0.458910197019577	-0.5357120633125305	1.2628170251846313	-1.5580008029937744	0.4196401536464691	-0.3805554211139679	-0.7044137716293335	-0.38844284415245056	-1.8926618099212646	0.8617547154426575	1.2284716367721558	-0.11411349475383759
1.7778608798980713	0.829657793045044	0.34571561217308044	-0.384318470954895	-1.5953173637390137	-0.18200552463531494	-0.5677750110626221	0.6510566473007202	-0.44634655117988586	-0.2108895182609558	-0.9228793978691101	0.2308420091867447	-0.7586132287979126	-1.6409698724746704	-1.3728450536727905	-1.3388569355010986	-0.5245670080184937	1.9338220357894897	0.30341142416000366	0.2950587868690491	1.5918024778366089	-1.63192880153656	-1.114632248878479	-0.3941476345062256	0.49721643328666687
-2.0602192878723145	-1.842807650566101	0.8572864532470703	1.3834748268127441	0.42165952920913696	-0.4891539514064789	-2.5589494705200195	1.4133832454681396	0.3562110960483551	-0.9866462349891663	-0.9082244038581848	-1.6532087326049805	0.8884241580963135	-0.4133833050727844	1.3855245113372803	-0.31271737813949585	0.7170621752738953	0.9241300821304321	-0.5130946040153503	-0.7612218856811523	0.6070016026496887	0.2605016827583313	-0.7458099126815796	-1.6201316118240356	1.1018288135528564
2.0153262615203857	-0.4153721332550049	1.6371043920516968	0.3695378005504608	-0.8531588315963745	-0.4395138621330261	0.18501482903957367	-0.8069345951080322	0.16479957103729248	1.6064178943634033	2.0446133613586426	-0.8768867254257202	0.38393548130989075	-0.7856777310371399	-0.36801737546920776	-0.681480348110199	1.6723251342773438	0.5268503427505493	0.8403838276863098	1.2201420068740845	0.48747146129608154	0.24284517765045166	-1.2749794721603394	0.42067891359329224	-1.240770936012268
-2.26301646232605	-0.2637864947319031	-0.25053146481513977	-0.39592233300209045	-0.9207940697669983	0.2548825740814209	-0.07547013461589813	0.41621366143226624	0.5738563537597656	-1.0489684343338013	0.7784497737884521	2.0459165573120117	1.6576309204101562	0.6625406742095947	-0.5261058807373047	-0.028974024578928947	1.0470656156539917	-1.429570198059082	0.23469655215740204	-1.2033705711364746	-0.19350305199623108	-0.632439136505127	-0.20590052008628845	2.402813196182251	0.778817892074585
0.1369885951280594	-1.2904049158096313	1.1833287477493286	1.4330908060073853	-1.823189616203308	-0.8942217826843262	0.7384653091430664	-0.4643223285675049	-0.21654345095157623	0.7709353566169739	0.6256935000419617	-0.230832040309906	1.0763862133026123	-0.04775121062994003	0.12240930646657944	-1.9634231328964233	0.760554313659668	0.9647364616394043	-0.6277719140052795	-0.12333109229803085	1.6910895109176636	-0.1114380732178688	-0.018777521327137947	0.08896908909082413	-0.6227990388870239
-0.22468973696231842	-0.2451060265302658	-0.1528451144695282	0.6117579340934753	0.9506625533103943	0.7442766427993774	0.3612072467803955	-0.5346337556838989	0.6162049770355225	0.1405133605003357	1.6079469919204712	-1.2248960733413696	1.0849473476409912	-1.1392881870269775	0.0502404049038887	-1.1192361116409302	1.0587342977523804	-0.38209158182144165	-0.4478849470615387	0.008264176547527313	1.488673210144043	-1.0973880290985107	-0.0379243902862072	1.5241371393203735	0.21104632318019867
1.3096275329589844	-0.6447898745536804	0.35638704895973206	0.8985977172851562	0.6359217166900635	-0.41930943727493286	-0.03671065345406532	-0.5336357355117798	-1.3620576858520508	0.32693469524383545	-1.000505805015564	-0.9021156430244446	-1.7565865516662598	-0.6900699138641357	0.6737711429595947	0.24919001758098602	1.0359143018722534	-0.7057775259017944	-0.15435858070850372	-0.9652113318443298	0.4061497449874878	-0.7077232003211975	-0.23263920843601227	-0.27803030610084534	-0.41070714592933655
-1.2744420766830444	-0.4278659522533417	-2.0163466930389404	0.8378967642784119	1.163063406944275	-0.6247849464416504	-1.7527036666870117	2.294015884399414	-1.0457024574279785	-0.5005940794944763	0.30657386779785156	1.4190565347671509	-1.0367637872695923	-0.694281816482544	0.12082203477621078	1.0083614587783813	2.1903648376464844	0.562487781047821	-0.08952612429857254	-1.703224539756775	-1.005732536315918	2.008772850036621	0.2819036543369293	0.38077566027641296	-1.1225852966308594
-0.18397216498851776	-0.557264506816864	-0.2797040343284607	0.06909815967082977	0.29649725556373596	-0.46799829602241516	-1.2197071313858032	-1.672621488571167	1.8506220579147339	-0.6364410519599915	1.081822395324707	-0.8924044966697693	-0.45598065853118896	0.30446556210517883	-0.1488637626171112	-0.7810396552085876	0.5883989930152893	-1.3673796653747559	-1.106841802597046	-0.5655505061149597	0.8944730162620544	-0.13336674869060516	-0.576348602771759	0.3592166006565094	-0.1312396228313446
-1.7351548671722412	-1.8095804452896118	-1.1181124448776245	-0.9090638160705566	-0.8801915049552917	-0.7633252739906311	-0.6914646029472351	1.4518722295761108	-0.13416332006454468	0.17127588391304016	-0.31568798422813416	0.6816639304161072	-0.29131990671157837	1.7911944389343262	-0.0005288734100759029	0.30944469571113586	-0.12951204180717468	0.4063069820404053	-0.07190422713756561	-1.7639598846435547	-0.39474421739578247	-0.2161330282688141	-0.6637608408927917	-0.8028239607810974	-0.8256701231002808
-0.3098921775817871	0.43128401041030884	0.37248292565345764	-0.31514909863471985	-0.3854563534259796	0.506708025932312	-0.26066580414772034	-0.6351964473724365	0.49583613872528076	1.0032227039337158	0.6225597858428955	0.2713266611099243	0.13516706228256226	0.2620834708213806	-0.6307960748672485	-1.6119799613952637	-0.5928840637207031	0.8339373469352722	0.5774612426757812	-0.7392573952674866	-0.03730948269367218	-0.8158491849899292	-2.0201334953308105	-0.7839427590370178	0.41541609168052673
-0.9601093530654907	-1.5174305438995361	0.6209202408790588	0.9995654821395874	0.2797390818595886	0.2284718006849289	0.13942357897758484	-1.197470784187317	0.2783295214176178	-1.1302984952926636	-1.3976887464523315	-0.7481670379638672	1.6543214321136475	-0.14340202510356903	0.5471487641334534	-2.1910085678100586	-0.7573845386505127	1.965566635131836	0.9324732422828674	2.3248283863067627	1.5785768032073975	1.2662969827651978	0.8314263820648193	0.6424134969711304	0.9386406540870667
-0.7626225352287292	-2.2617294788360596	-0.7029274106025696	-0.16053442656993866	2.296579122543335	-1.942809820175171	0.4489539563655853	0.285762220621109	1.1526426076889038	-0.03196297958493233	-0.6504879593849182	0.7824065089225769	1.2790355682373047	0.9869386553764343	-0.571027934551239	1.1954349279403687	1.1697543859481812	0.17439529299736023	0.04388570412993431	0.7518851161003113	0.41007405519485474	-1.8032135963439941	0.01744392141699791	0.3876000642776489	2.1368863582611084
0.7943383455276489	-0.5535404086112976	-1.370422601699829	-0.9534743428230286	0.11010163277387619	0.03023115172982216	1.6892821788787842	1.5554364919662476	-1.2172123193740845	1.2531449794769287	1.7767887115478516	-0.8903207778930664	0.46901199221611023	-0.8725283741950989	1.568875789642334	1.2494503259658813	0.1315196454524994	1.0817627906799316	2.3450145721435547	-1.229372262954712	0.9712318778038025	-0.8952463269233704	1.2867575883865356	0.8232943415641785	0.09312540292739868
0.33707329630851746	-1.408070683479309	-0.35802629590034485	0.8585390448570251	-0.61610347032547	-0.040482260286808014	-0.08145494014024734	-0.3446514308452606	0.8249102830886841	0.7040162682533264	-0.48009833693504333	-1.8526533842086792	0.29143190383911133	0.3634405732154846	-1.054956316947937	0.17522267997264862	0.7510719895362854	0.6185280084609985	1.6865154504776	0.7569557428359985	-1.2772389650344849	-0.37143734097480774	-0.7820608615875244	1.415245532989502	1.445379614830017
0.1490892767906189	-1.37167227268219	0.8696140646934509	0.7952423095703125	-0.4210995137691498	1.6544718742370605	-0.07540025562047958	0.8136895895004272	0.15688161551952362	-0.8836109638214111	-1.3572367429733276	0.2519141733646393	-0.7181035280227661	1.2180004119873047	-0.67451411485672	1.0277215242385864	1.28580904006958	-0.5710137486457825	-0.2637750208377838	1.1980714797973633	0.7819033265113831	-0.13478873670101166	1.072888731956482	-1.1304383277893066	-1.2815072536468506
1.2644696235656738	0.7293452620506287	1.2863308191299438	1.0577393770217896	-0.5415313839912415	0.46852797269821167	1.2206929922103882	0.08135131001472473	-0.8278852701187134	0.8513443470001221	0.1213601604104042	1.2587801218032837	0.646858274936676	0.19593051075935364	0.4521081745624542	0.1620778888463974	-0.18787311017513275	-0.5546896457672119	0.2084054797887802	0.40004169940948486	-1.5766099691390991	0.6679475903511047	-1.0361638069152832	1.6006516218185425	-0.7117138504981995
-0.4674662947654724	-1.1336638927459717	-1.2782760858535767	-0.43894457817077637	-0.8641701936721802	0.774692952632904	-0.27729475498199463	-0.2647148668766022	1.2860666513442993	1.0043951272964478	0.02372905984520912	0.5725989937782288	-0.653569221496582	-0.6644863486289978	0.2763712704181671	1.9565937519073486	1.3431041240692139	0.16737475991249084	-1.2706886529922485	-1.0524169206619263	-0.08690664172172546	0.055794745683670044	-1.3323204517364502	-0.9506050944328308	-1.1120506525039673
0.3634124994277954	0.806397020816803	-0.2851291596889496	0.7106751203536987	-0.08294090628623962	0.0009544218191877007	0.10918968915939331	-0.5242210626602173	0.8131060600280762	-1.1475293636322021	1.335845947265625	-0.6102451086044312	0.06521306931972504	-0.8108877539634705	0.16524295508861542	-2.1919548511505127	0.13499653339385986	0.2013690322637558	-1.2806440591812134	-0.9789896607398987	-0.7635343074798584	0.0898132249712944	-1.504551649093628	1.8576292991638184	1.8842077255249023
-1.0682300329208374	-0.9711464047431946	-0.4320094883441925	0.9075683951377869	2.193392515182495	0.39235010743141174	0.47451096773147583	-1.2826144695281982	-0.4779614210128784	0.2985322177410126	-1.5102479457855225	-0.09447944909334183	1.0928492546081543	0.1497666835784912	1.6342167854309082	-0.05084030330181122	0.4992462694644928	0.7218272686004639	-0.8944000005722046	-0.41262850165367126	1.0024166107177734	0.8507786989212036	0.2176123559474945	0.03332667052745819	-0.1704120635986328
1.0659161806106567	-0.6177437901496887	1.1824232339859009	0.021387873217463493	-0.21542035043239594	-1.4623444080352783	2.170745849609375	0.16242338716983795	1.0296205282211304	0.41543394327163696	0.6206665635108948	0.23405952751636505	-0.03261654078960419	1.0124329328536987	1.5121723413467407	-0.33591991662979126	0.24560445547103882	1.8681763410568237	0.7536182999610901	-0.11766313761472702	-0.19669096171855927	-0.9552386999130249	-0.8994701504707336	-0.9583015441894531	-0.594464123249054
0.12418057769536972	-0.5417534112930298	0.14056938886642456	-0.7301838397979736	1.1794965267181396	1.3345929384231567	-0.2016248255968094	0.09539065510034561	0.9079642295837402	-0.4016377925872803	0.29736968874931335	-0.8027881979942322	-1.2576879262924194	-1.5189898014068604	0.7407345771789551	1.1891624927520752	-0.8022602200508118	-0.6296204328536987	1.2370436191558838	-2.437957763671875	0.8433869481086731	-0.40657663345336914	-0.6142171025276184	-0.6667161583900452	0.7699959874153137
0.0690809115767479	0.29904666543006897	-1.4716687202453613	0.9950332045555115	0.36077257990837097	0.31605473160743713	0.3503624200820923	-1.782257080078125	0.13392126560211182	-2.0972981452941895	1.9108392000198364	1.6554547548294067	2.025383949279785	0.6043606996536255	-0.7005718350410461	0.8140650987625122	0.22631002962589264	-0.8223732113838196	-1.1512868404388428	0.11859851330518723	-0.3122844696044922	-0.602416455745697	-0.10575529932975769	-0.5325247049331665	0.1414787769317627
-0.02609722502529621	-0.6430763006210327	0.5575205683708191	-0.06680575758218765	-0.7519450187683105	-1.7028899192810059	-0.680476725101471	-1.2052451372146606	-0.20113159716129303	1.317949891090393	-0.4959619641304016	-0.23247595131397247	-0.9063220620155334	0.4120185077190399	-0.6691361665725708	1.2697186470031738	0.31433823704719543	-1.1236623525619507	-1.1177589893341064	-0.4862147569656372	1.430970549583435	-0.25003790855407715	-1.0657256841659546	1.2472530603408813	2.113049030303955
1.7885321378707886	0.9024645686149597	0.03562706336379051	-0.26498231291770935	1.7863097190856934	0.616089940071106	-0.3192090690135956	0.562011182308197	-1.123140573501587	0.3112146854400635	-1.4614938497543335	-0.6980463266372681	0.151844322681427	0.8539121150970459	0.05294150859117508	0.8811134696006775	-0.6099177598953247	1.7615694999694824	-0.7228319644927979	0.882821261882782	-0.25628170371055603	-0.021800974383950233	-0.263218492269516	0.9919285178184509	0.6416121125221252
1.2819894552230835	-0.7348135113716125	-2.2542576789855957	1.2249460220336914	0.32226070761680603	1.8174400329589844	0.0026103949639946222	-0.30852213501930237	-0.22238360345363617	0.05890269950032234	-0.058109864592552185	-0.07800435274839401	-0.598051130771637	0.13631488382816315	1.150835394859314	0.21518993377685547	0.5510892271995544	-1.1539822816848755	-0.4588591158390045	0.29458433389663696	-0.6144364476203918	0.9021087884902954	0.7621170282363892	-0.5491146445274353	-0.04848722368478775
0.39327576756477356	1.8633439540863037	1.230422854423523	-0.5419042110443115	-0.07400232553482056	-0.3863368332386017	-0.37721580266952515	0.6227444410324097	0.443073570728302	1.2263762950897217	0.22493264079093933	-0.0030646638479083776	-1.2070680856704712	-0.4102358818054199	-0.16241271793842316	0.02611825242638588	1.3700355291366577	-1.3995544910430908	0.18802788853645325	0.40199801325798035	-0.8818292021751404	-0.7317709922790527	-0.11781756579875946	-0.05297847092151642	0.9409855604171753
0.1807098388671875	0.6145771741867065	0.6684147119522095	-1.0503957271575928	1.1479334831237793	-0.15997615456581116	1.3980647325515747	-0.7046740055084229	-0.1851678490638733	-0.6242517828941345	1.2857987880706787	0.1368173509836197	-0.2756936848163605	-0.49575668573379517	-0.47585827112197876	0.6606953144073486	-1.4099544286727905	-1.847920536994934	-0.4985865652561188	0.24035221338272095	0.3062117397785187	-1.378982424736023	0.6001766920089722	0.1567077934741974	-0.19257670640945435
-0.10568218678236008	1.2514121532440186	0.7166668772697449	0.6791616082191467	1.77369225025177	0.7020218968391418	-0.17885363101959229	0.1784890741109848	-1.0140007734298706	-0.1912776529788971	0.24320517480373383	-1.2692970037460327	0.972318708896637	-0.23444508016109467	0.2828579843044281	0.426984041929245	0.6492983102798462	-0.3011578917503357	-0.4900738596916199	-1.3678689002990723	2.248965263366699	0.5682445764541626	1.5879979133605957	-0.7334595918655396	-1.6786770820617676
-0.03356850519776344	-1.5212863683700562	0.3886125087738037	1.0049724578857422	-1.2380895614624023	1.3318884372711182	0.1538493037223816	0.6376214623451233	-0.7427886724472046	1.6414496898651123	-0.26803457736968994	-0.4543081820011139	0.7175833582878113	0.36349722743034363	-1.1255767345428467	0.9421880841255188	0.8837797045707703	-1.990783452987671	0.8574378490447998	-2.1602842807769775	0.3139738440513611	2.2434332370758057	1.602851152420044	-0.7249683737754822	0.2998336851596832
-0.8865764141082764	1.5531188249588013	-0.7600448131561279	-0.2511233389377594	-0.6189785003662109	-0.04755159839987755	-2.0849223136901855	0.02877007983624935	0.1233711987733841	-0.7679799795150757	0.09641405194997787	0.27836593985557556	-1.2897119522094727	-0.023346921429038048	0.11369570344686508	0.9422423243522644	0.04690074175596237	1.2158516645431519	-0.7637318968772888	0.6892373561859131	-0.6447698473930359	0.6555881500244141	-0.07888435572385788	-0.3794812858104706	-1.311314344406128
-0.3636840879917145	-0.20290037989616394	0.8740652203559875	0.16973257064819336	-2.429684638977051	-0.1309872269630432	-1.7969093322753906	-0.5602878928184509	0.9169276356697083	0.04225927218794823	-0.020503152161836624	0.2081022560596466	0.7121214866638184	-0.7543319463729858	-1.6760740280151367	0.6430420279502869	0.07800810039043427	0.6149600148200989	-0.27030497789382935	-0.2620340585708618	1.67632257938385	0.999724805355072	-0.13623861968517303	-1.280203938484192	-1.4307019710540771
-1.2849174737930298	-0.8925318717956543	0.5512136220932007	-0.5526942610740662	-1.3258017301559448	-0.18545550107955933	-0.3130745589733124	0.15000492334365845	2.4338467121124268	-0.593720018863678	-0.7247644662857056	-1.0435060262680054	1.9399129152297974	0.27012336254119873	1.2115139961242676	0.7864959239959717	-0.7084252238273621	0.42924225330352783	-0.7905762791633606	-0.07125344127416611	-0.05132817104458809	-1.0867979526519775	1.7941265106201172	0.29967913031578064	0.042470719665288925
0.046843379735946655	-1.5196068286895752	0.7175639271736145	0.10519809275865555	0.7537152171134949	-0.8044387102127075	-1.3301284313201904	1.9924627542495728	-0.03188584744930267	0.7397332191467285	-0.053785134106874466	0.7618058323860168	-0.5478232502937317	-0.6723170280456543	1.0237560272216797	-0.8737725615501404	-0.9214529991149902	1.3332996368408203	0.21941810846328735	-0.3502306640148163	0.4965963661670685	0.7835376858711243	0.6701686978340149	-1.893630862236023	-1.2432546615600586
1.862807273864746	0.37291207909584045	-1.1435284614562988	-0.48413747549057007	0.023789864033460617	0.13152676820755005	0.7100847363471985	-1.501793384552002	0.029346773400902748	0.22010523080825806	0.7732954621315002	0.1816268116235733	0.07170120626688004	0.08832007646560669	-0.7554561495780945	0.6002582311630249	-0.8219050168991089	-1.9703058004379272	-0.7398489117622375	-1.8148642778396606	-0.3447759747505188	0.24054676294326782	0.07630469650030136	-0.13986001908779144	0.3936171233654022
1.1892114877700806	-0.14775925874710083	-0.6106672286987305	-0.7861566543579102	-0.8099913597106934	-0.017543930560350418	-0.2609758973121643	-1.1452206373214722	-0.0609978586435318	-0.8974165916442871	1.1793386936187744	0.9149470925331116	0.42649832367897034	-0.8960098028182983	-1.8006600141525269	0.7914590835571289	-1.8452621698379517	-0.28299644589424133	1.1159642934799194	0.4310701787471771	-2.0802299976348877	0.20291787385940552	1.203629732131958	-0.7460773587226868	0.10271109640598297
-0.7357829213142395	-1.6769394874572754	-0.6232224702835083	-0.901647686958313	-0.7456244826316833	-1.0206719636917114	2.027081251144409	0.707544207572937	-0.014052487909793854	-0.6846758723258972	-0.438581645488739	-0.7149920463562012	-1.7640525102615356	-0.7217580676078796	-0.9137564897537231	-0.82176673412323	-1.6356465816497803	-0.5005866885185242	-0.827195942401886	-0.7506288290023804	-0.9916536808013916	-0.26873892545700073	0.16318833827972412	2.116119623184204	0.1599627137184143
1.1187223196029663	0.745621383190155	-0.6450995206832886	-0.21155425906181335	0.8431872129440308	0.6108983755111694	0.6418402194976807	-1.5393478870391846	0.05908196419477463	-1.0928417444229126	0.5956304669380188	1.0235562324523926	-1.3681035041809082	1.4426921606063843	-1.864310383796692	-1.0698559284210205	-0.6109546422958374	-0.40434250235557556	0.30329927802085876	0.6848900318145752	-1.0047781467437744	-1.009677529335022	-1.0888288021087646	1.3281689882278442	0.5910409092903137
-1.109886884689331	-1.2871654033660889	-0.8171259164810181	0.9679816961288452	1.6029741764068604	-0.07258418947458267	-0.47222644090652466	-1.162111520767212	0.5961514115333557	1.3057445287704468	-0.7422665953636169	-1.2526549100875854	0.6751047372817993	1.5664896965026855	-0.9238831996917725	-0.09563938528299332	-1.545342206954956	-0.17973947525024414	3.1827597618103027	-0.12775646150112152	0.09086238592863083	0.5418087244033813	-0.6107726693153381	0.521976113319397	2.1372289657592773
-1.4179179668426514	-0.855307400226593	1.0126850605010986	0.6501648426055908	0.243307426571846	1.258672833442688	-0.06384488195180893	-0.9712274670600891	-0.4882679581642151	-0.25502121448516846	-0.408835232257843	-0.7690197229385376	1.0952633619308472	1.5291755199432373	-1.2395765781402588	1.0552047491073608	0.5107899308204651	0.3847055435180664	-0.8868746161460876	1.3467352390289307	2.3589532375335693	0.10756805539131165	-1.2620877027511597	0.7945101261138916	-0.7743951082229614
-0.14966872334480286	-0.6218550801277161	1.0066897869110107	0.29234248399734497	0.09324394166469574	0.7023407816886902	1.4850685596466064	0.1116999089717865	-0.7373237013816833	-1.7490578889846802	1.6445374488830566	-1.1807365417480469	-0.636574387550354	-0.9736461043357849	-1.9143412113189697	2.0675606727600098	2.1423075199127197	0.02766350470483303	0.8293166160583496	-0.48559504747390747	-1.2056924104690552	-0.702058732509613	2.100144147872925	0.11527641862630844	-0.06381146609783173
0.5908353924751282	0.6118963956832886	-0.7062146067619324	-0.3860665559768677	-0.7027769088745117	0.06200365722179413	0.06615961343050003	0.7965723872184753	0.6637868285179138	1.0134530067443848	0.48066869378089905	-1.5935860872268677	-0.9096209406852722	-1.2897738218307495	0.8628251552581787	0.7512336373329163	1.391494870185852	-1.7533622980117798	-1.151831030845642	0.8761082291603088	2.113938808441162	-2.161013126373291	-0.8005295991897583	-0.6656909584999084	-0.9437333345413208
-0.617068886756897	0.08206550031900406	-0.38137707114219666	-0.4745751619338989	-0.05456854775547981	0.5748366713523865	-1.0713444948196411	-0.5916727185249329	1.5779801607131958	0.37256479263305664	1.3647245168685913	0.8078742623329163	0.7082048654556274	0.4240826666355133	-1.347452163696289	-0.8241693377494812	-0.5153892040252686	-0.5029913783073425	0.8766095042228699	0.40844273567199707	-1.4741625785827637	0.8022630214691162	-0.14143823087215424	-0.8854396343231201	-1.1980788707733154
1.3644695281982422	1.1018670797348022	0.20053336024284363	-1.437463641166687	-0.38751643896102905	-0.5986022353172302	0.8482081294059753	1.1798079013824463	2.0456509590148926	0.13516928255558014	0.1439710110425949	0.3856140375137329	1.3976930379867554	0.08374091982841492	1.7726227045059204	-1.2903681993484497	0.6347969770431519	-0.2257899045944214	-1.7287629842758179	-0.32253578305244446	-0.15355663001537323	1.9881532192230225	-0.1844012290239334	-0.6904429793357849	0.5378143787384033
0.004719636868685484	-0.5880933403968811	-0.7959673404693604	-1.838625192642212	0.9879665970802307	-0.4449099004268646	-0.10728614777326584	0.15886709094047546	0.02592018060386181	-0.7549973130226135	-0.3106127083301544	0.535395085811615	-0.13882285356521606	0.0886126384139061	-0.3550598919391632	1.5476981401443481	0.5134714841842651	1.1779184341430664	-0.4119027256965637	-0.8043502569198608	-0.18430128693580627	-0.4470956027507782	-0.9592940211296082	-0.14730261266231537	-0.5232281684875488
0.44182300567626953	-0.9468443989753723	-0.14208543300628662	0.4410465359687805	-0.12037378549575806	1.249127984046936	-0.8952221870422363	0.7179988622665405	0.36843162775039673	2.279165267944336	-0.3402230441570282	-0.7501493096351624	0.2941933274269104	0.7626453638076782	2.6536331176757812	0.4729844033718109	0.03140566498041153	-0.1512567102909088	1.5333130359649658	1.0515172481536865	-0.46132180094718933	2.0801990032196045	0.8309109807014465	-0.8416044116020203	0.7061920762062073
-1.0877366065979004	0.06980197876691818	-1.1469882726669312	-0.5624417066574097	-0.19779668748378754	0.8101409673690796	-1.0030708312988281	1.5461385250091553	1.2419755458831787	0.5707136988639832	-0.013470702804625034	-1.0992804765701294	1.3918522596359253	0.9943975210189819	0.5452954173088074	0.04285934939980507	0.9108279347419739	1.5571117401123047	-0.7094437479972839	0.6622888445854187	-1.637304663658142	0.579934298992157	-0.0681532770395279	0.2935909032821655	-1.1518547534942627
1.611088514328003	0.5502797961235046	-2.8102967739105225	0.10676136612892151	-1.119047999382019	0.034427210688591	-0.0993516594171524	-0.6127678155899048	2.0784647464752197	1.13973069190979	1.335132360458374	-0.07509619742631912	-1.3996412754058838	-0.8820512294769287	0.4431680142879486	0.07162820547819138	1.3730045557022095	0.11908882111310959	0.668120265007019	0.16936777532100677	0.6573839783668518	1.0243949890136719	0.45962563157081604	0.3273389935493469	2.177908420562744
0.7681307196617126	-0.04302704334259033	0.10726534575223923	-0.2059415727853775	-1.2616363763809204	-0.22698810696601868	0.10660546272993088	-0.16830569505691528	0.2433142066001892	-0.5708924531936646	2.3408432006835938	-2.5664584636688232	0.9934774041175842	-0.012444930151104927	-0.6970601081848145	0.7902691960334778	0.5050624012947083	-0.6004007458686829	-0.32867631316185	-0.28179171681404114	0.27991870045661926	0.9678243398666382	-1.0857806205749512	1.0346369743347168	0.04280879721045494
-0.30696550011634827	0.5481562614440918	-0.5959039926528931	0.7671524882316589	-0.24890229105949402	-0.5003517270088196	-0.15514542162418365	1.4586621522903442	-0.4800723195075989	0.07874917984008789	2.259854316711426	-1.2899924516677856	-0.45190614461898804	-0.9364888072013855	-0.6675195097923279	0.0582643561065197	0.14839626848697662	0.3047142028808594	-0.693029522895813	-1.093770980834961	0.9279996156692505	0.3119940757751465	-0.39329105615615845	-0.09967347979545593	1.3109617233276367
-1.2586578130722046	-0.06360124796628952	0.30228304862976074	-0.7051553726196289	-0.03707899525761604	-1.8865094184875488	-0.5998006463050842	-0.3342447578907013	0.2998841404914856	-0.4253484308719635	0.23902729153633118	0.5398530960083008	-0.6489162445068359	0.6112371683120728	0.168256014585495	-0.4621036648750305	-0.4007135331630707	0.5145825147628784	0.34858089685440063	1.0497499704360962	0.2675839364528656	-0.9664885997772217	0.5421656966209412	-0.2869790494441986	0.6258923411369324
0.88251793384552	-2.2942955493927	-0.20390784740447998	0.4056589901447296	-1.5495020151138306	-0.21440045535564423	-0.6554427742958069	2.1339335441589355	-0.5923929810523987	0.2402697056531906	-0.43088048696517944	0.8836786150932312	0.46157315373420715	0.4463828206062317	0.8064656257629395	-0.09376505017280579	1.0844494104385376	-1.0433337688446045	-1.9601080417633057	0.20836983621120453	0.3005028963088989	0.8804188370704651	-0.8302874565124512	0.6588847637176514	-0.31581878662109375
-0.20885008573532104	1.476906180381775	0.6821576356887817	-0.8822242617607117	0.7761784791946411	-0.06246693432331085	0.8442828059196472	-0.01574486866593361	1.7250760793685913	-1.9974015951156616	0.40745291113853455	-1.520475149154663	0.8790194988250732	-0.06089067459106445	-0.2059192806482315	1.3214311599731445	0.6660600900650024	0.2936449348926544	-0.611673891544342	-0.8867440223693848	-0.13853338360786438	0.5895421504974365	-0.22584399580955505	-0.9918414950370789	-1.0729321241378784
-0.24981185793876648	-0.8868266344070435	1.5427043437957764	1.073453664779663	-0.04793239384889603	-0.9862058758735657	-0.03786974772810936	1.5066719055175781	-0.3395269811153412	-0.5973198413848877	0.3716004490852356	1.0398226976394653	0.0938454195857048	0.4569234848022461	0.6851754188537598	0.27331048250198364	-1.185645580291748	-0.6817594170570374	0.0782882422208786	-0.07369627058506012	1.9822806119918823	1.0636581182479858	-0.4036685824394226	-0.11271122097969055	1.5287232398986816
-0.003484284272417426	1.4464138746261597	-1.2856566905975342	0.9890208840370178	0.04866858944296837	0.6213679909706116	0.4527944326400757	-1.1828728914260864	-0.4591919481754303	1.4484857320785522	-1.6264430284500122	-0.21226626634597778	0.05980947986245155	1.1983990669250488	-0.607580840587616	1.7457177639007568	0.017397167161107063	-0.9948998093605042	0.39244344830513	0.696821928024292	-1.1812762022018433	-0.5411322712898254	1.086782455444336	0.34769535064697266	-1.0139333009719849
0.5647324323654175	0.9105725288391113	0.5683549046516418	0.41694480180740356	-1.041559100151062	-0.704603374004364	-0.5347298979759216	-0.6575392484664917	0.1244203969836235	0.23169265687465668	-0.49331024289131165	-1.318180799484253	0.4537753462791443	-0.3154166042804718	0.5127726197242737	-1.0591254234313965	1.8919636011123657	0.6419703960418701	0.15510769188404083	1.0719269514083862	-1.6774154901504517	0.749409556388855	1.4537636041641235	-2.2956457138061523	-1.648880124092102
-0.9040977954864502	-0.41243860125541687	-0.061882421374320984	-0.6641906499862671	0.3241996765136719	-0.10530467331409454	1.2347826957702637	0.5776245594024658	1.4657094478607178	1.1620959043502808	-1.5177463293075562	-1.3195536136627197	-0.9757784605026245	-1.0572336912155151	0.6436958312988281	-1.9654426574707031	-0.007621841039508581	0.8930538892745972	0.6377254724502563	-0.2563428282737732	0.050817836076021194	-0.29975953698158264	0.9082632064819336	0.23460440337657928	-1.6016197204589844
1.4978134632110596	0.3207050561904907	0.41262778639793396	-0.503057599067688	0.8067417144775391	-0.22022849321365356	0.8363856077194214	1.3637107610702515	-0.6479166746139526	0.8206663131713867	0.4369671940803528	0.09425786882638931	0.8609325885772705	-0.24743756651878357	-2.399603843688965	0.3896128237247467	-0.4066809117794037	-0.9900579452514648	-0.7056861519813538	-1.5055046081542969	-0.6710046529769897	-0.9789577126502991	-0.9227976202964783	-0.5879344940185547	0.31400540471076965
-0.3151216208934784	0.012354513630270958	-0.8161983489990234	-0.46695899963378906	-1.3332414627075195	1.1251035928726196	-0.5405867695808411	1.1282278299331665	0.7484537363052368	-1.1500639915466309	1.1458450555801392	1.0615366697311401	3.409818649291992	-0.9572845101356506	-1.1742403507232666	0.5900306105613708	-0.40693578124046326	1.4318068027496338	-1.2102100849151611	-1.6913148164749146	0.5384119153022766	1.8910118341445923	-0.2688433825969696	0.286243200302124	-0.6413217782974243
-2.627452850341797	-1.3725254535675049	-1.2415847778320312	0.7084251642227173	-0.4962102770805359	1.1806111335754395	0.5423095226287842	-0.8578673601150513	0.5209511518478394	0.15581780672073364	-0.04036863520741463	1.0040597915649414	-1.1419486999511719	1.8033398389816284	-0.02959739789366722	-0.8127628564834595	0.9097190499305725	-1.1374300718307495	0.5141649842262268	-0.48884695768356323	-0.0803820937871933	0.9149688482284546	-0.5479798913002014	1.1078261137008667	-0.35067018866539
0.6673545241355896	-0.08935578167438507	0.2723381221294403	0.6034458875656128	0.2318796068429947	1.5473078489303589	-0.6886004209518433	-0.44136932492256165	1.2789876461029053	-0.9959194660186768	-0.4362572133541107	-0.8700299263000488	-0.05382939800620079	1.1495983600616455	1.0410934686660767	0.05801665410399437	-1.6867755651474	0.4005372226238251	1.088034987449646	-0.48283952474594116	-0.07094670832157135	1.096633791923523	-0.5686112642288208	0.9079175591468811	-0.1701090782880783
1.431128978729248	0.4160430431365967	-2.224606990814209	0.38899141550064087	0.24928070604801178	-0.08993557840585709	-0.7844783663749695	-0.9330090880393982	-1.4030616283416748	0.32250913977622986	0.535129964351654	-0.22574366629123688	1.7677156925201416	0.20058941841125488	-0.8240826725959778	-1.4160374402999878	0.4025886356830597	0.2599236071109772	-0.5640972852706909	0.3911157548427582	1.7038438320159912	0.5841426849365234	-0.15054476261138916	-0.01246634405106306	0.7221388220787048
-0.9656952023506165	-2.057060480117798	1.9685221910476685	0.7428902983665466	1.115476369857788	0.6871439814567566	0.03314068913459778	0.6342253088951111	-1.6539747714996338	0.4926188588142395	0.7498905062675476	0.9241337776184082	-0.49498462677001953	0.4805455207824707	-0.3828279376029968	-0.3073062002658844	1.1060271263122559	-0.2888180613517761	0.18950097262859344	2.0401976108551025	-0.7954131960868835	-0.433046817779541	0.30347931385040283	1.438279628753662	0.2898823618888855
-0.43423396348953247	0.4293283522129059	1.245863914489746	1.4048306941986084	-0.34076759219169617	-2.2205443382263184	0.4911038279533386	0.03730880841612816	-0.27280011773109436	-2.2398228645324707	-0.003341349773108959	-1.4252662658691406	0.7322936654090881	0.3539426326751709	0.14731290936470032	-1.187619924545288	-0.8399954438209534	0.31125232577323914	-0.6687108874320984	-0.8175201416015625	0.6933885216712952	-0.6358324885368347	0.3158627152442932	0.4845472574234009	-0.008286802098155022
-1.5939068794250488	1.860012412071228	-1.2914994955062866	-0.1597256362438202	0.31057509779930115	-0.1530897617340088	-0.3412329852581024	-0.0176717359572649	-0.16302604973316193	0.279826283454895	0.6754379272460938	0.707072913646698	-1.666305661201477	-1.0186476707458496	2.2248191833496094	0.5139122009277344	0.037552859634160995	1.9244434833526611	1.8384678363800049	-0.3184903860092163	0.12341422587633133	-0.5265374779701233	-0.9054288268089294	1.3276686668395996	-0.6227578520774841
0.14230558276176453	-1.3051406145095825	-0.21906836330890656	-1.8590997457504272	0.06183568015694618	0.1964734047651291	-2.2526302337646484	0.4648893475532532	-0.33117538690567017	1.0633045434951782	-0.4969317317008972	-1.2997937202453613	-0.1233312338590622	-0.25345954298973083	1.1496552228927612	0.8771006464958191	1.4672006368637085	0.45374688506126404	0.8577512502670288	0.028020694851875305	0.4964618682861328	-0.2192622423171997	0.43202194571495056	0.5557981133460999	0.14644409716129303
-0.9449204206466675	-0.5814523100852966	0.6714076399803162	-0.5967555642127991	0.7577543258666992	1.0731498003005981	0.729438066482544	-0.6661555171012878	-0.4080131947994232	1.056780219078064	0.709668755531311	1.8713009357452393	-0.855016827583313	0.4102199673652649	-0.6644887328147888	-0.7706379294395447	-0.5306537747383118	1.3690390586853027	-0.6488479375839233	-1.3563872575759888	-1.5669456720352173	-0.5231661796569824	0.6932804584503174	-0.18841572105884552	-0.4541894495487213
-0.05155065655708313	-0.4423905611038208	0.1603543609380722	-1.1645958423614502	0.6481757164001465	-1.6310118436813354	-0.5834410786628723	-1.7103548049926758	0.6697323322296143	-1.252134919166565	-0.39703840017318726	0.3250265419483185	-1.009140968322754	-0.055826179683208466	-0.44215914607048035	-0.10637027770280838	0.49726468324661255	0.6844357848167419	1.6966898441314697	1.241206169128418	1.2616679668426514	1.3471646308898926	1.3725379705429077	-0.3011184334754944	0.6546318531036377
0.13931924104690552	0.9891719222068787	-1.0954893827438354	-0.7337059378623962	-0.5562949180603027	1.1861494779586792	1.0685710906982422	-0.8841431736946106	-1.4150187969207764	-0.2770528495311737	-0.3126366138458252	-0.9771846532821655	-0.5399602651596069	-0.235475093126297	0.8232364058494568	-0.587227463722229	-0.7521278262138367	0.3114723563194275	-1.7675303220748901	0.6817719340324402	0.3322734534740448	-0.08715273439884186	-0.7469750046730042	-0.6073647141456604	0.34183239936828613
0.5388705730438232	0.39781540632247925	-0.49055513739585876	-0.08814380317926407	-1.3886033296585083	1.2840057611465454	-0.3963184952735901	2.015709400177002	1.6764378547668457	-0.3834512233734131	1.5740104913711548	1.9443901777267456	0.7234382033348083	-0.4808744788169861	-0.3291204273700714	0.31769493222236633	-0.41964221000671387	-0.645214319229126	-0.3298758566379547	0.7541338801383972	-1.238604187965393	0.40722230076789856	0.9992510676383972	-0.6518872380256653	1.2454240322113037
0.2803633213043213	0.8371227383613586	-0.41192129254341125	0.211501345038414	-0.6239824295043945	0.020279739052057266	-0.3418336808681488	1.4934003353118896	1.7306751012802124	1.3353962898254395	-0.27120575308799744	0.4902160167694092	0.6600409150123596	-1.6320858001708984	-0.785849928855896	1.7688108682632446	2.6160037517547607	-0.5766879916191101	-0.36284056305885315	-2.742823600769043	0.7427530288696289	0.07369855046272278	0.20504698157310486	-0.5497473478317261	2.126058578491211
-0.9239901900291443	0.10475452989339828	0.8323854207992554	1.4287010431289673	-0.7789056897163391	2.927541732788086	-0.8524894714355469	-0.6715766191482544	-0.9572381973266602	-0.9594352841377258	1.0541397333145142	1.5018353462219238	-0.5266212821006775	0.23542353510856628	1.3177714347839355	1.5073953866958618	-0.6100395321846008	-0.42576149106025696	0.32692858576774597	0.4072367250919342	0.9861140251159668	-1.345199465751648	2.2327589988708496	0.12492858618497849	1.5514260530471802
0.3214220106601715	-1.5562001466751099	-0.9540265798568726	1.8622850179672241	0.17812247574329376	-0.8219375014305115	1.4438068866729736	-1.6110934019088745	-2.0212857723236084	-0.7011401057243347	0.8502484560012817	2.334711790084839	0.5653871893882751	-1.425990343093872	-0.5230668187141418	1.8500733375549316	1.4126375913619995	-0.15512913465499878	0.3810220956802368	-0.23771953582763672	-0.6903946995735168	1.597166657447815	0.4820067882537842	1.0156521797180176	1.3520662784576416
-1.6447449922561646	-1.6746721267700195	-0.7179048657417297	-0.17988358438014984	1.0681769847869873	-0.9575543403625488	-1.2723009586334229	1.215816855430603	-0.106243796646595	1.0221079587936401	1.654008388519287	-0.17968936264514923	-1.4723916053771973	-0.3149089217185974	0.19914788007736206	1.8402190208435059	0.22554369270801544	-0.1940942257642746	0.22210708260536194	0.7665020227432251	-0.21466699242591858	-0.9824790358543396	1.8556365966796875	1.5196070671081543	1.3026231527328491
0.6634763479232788	0.2672559916973114	-0.04096806049346924	-0.4104548990726471	-0.7925845980644226	-0.4505201578140259	-1.2630295753479004	-0.11048606783151627	-1.5258076190948486	-2.4088404178619385	0.6256660223007202	-0.7862797975540161	-0.13341450691223145	-0.5067315101623535	0.4931190609931946	3.1957054138183594	-0.6971927881240845	0.14157652854919434	1.199064016342163	0.845741331577301	1.1119470596313477	0.7541136741638184	0.5671601891517639	1.0343369245529175	0.4239770174026489
-0.38601982593536377	-2.2167701721191406	1.7577883005142212	-1.2360844612121582	1.1189801692962646	1.790614366531372	0.28350916504859924	-0.19305355846881866	1.2235060930252075	0.004588354844599962	0.21742239594459534	1.9916999340057373	1.3718353509902954	1.0279568433761597	0.003640222828835249	0.7734564542770386	-0.2891635596752167	1.2514551877975464	-0.7891369462013245	0.8101746439933777	-0.3678915500640869	-0.8063863515853882	0.8637715578079224	0.7869345545768738	0.6689435839653015
0.18516872823238373	1.707779884338379	0.7720311284065247	-0.27174532413482666	-0.7128952145576477	1.778350830078125	-0.7267719507217407	-0.8307334780693054	-2.5767390727996826	-0.3987383544445038	0.02190551906824112	0.8509527444839478	-0.58540278673172	-1.0872999429702759	0.1920851320028305	1.0871078968048096	0.21869629621505737	-2.9981327056884766	1.467494010925293	-0.19351208209991455	-0.15828518569469452	0.25786149501800537	-0.9630016088485718	0.1229667142033577	-0.822230339050293
-0.2265523225069046	0.02185128629207611	-0.27853989601135254	-0.48510104417800903	-1.8023090362548828	-0.7329990863800049	-1.2828463315963745	0.8862687945365906	1.0515323877334595	-0.9823249578475952	-1.6369123458862305	-1.3499362468719482	0.1830407828092575	0.05316944420337677	-1.1437993049621582	-0.28286030888557434	-0.597854495048523	1.475665807723999	0.46554654836654663	-3.034618854522705	0.5515828132629395	1.3107407093048096	0.12401141971349716	-1.8046060800552368	0.27001336216926575
-0.4322299361228943	0.2784300744533539	-0.5598812699317932	1.2502312660217285	0.7051198482513428	-1.0169073343276978	0.48543813824653625	-1.0808254480361938	-0.31276214122772217	-0.41888031363487244	-0.5717951655387878	0.8214946985244751	1.7384406328201294	0.5577565431594849	0.6167463660240173	1.5259517431259155	-0.3508106470108032	-1.5614893436431885	0.4547560214996338	-0.8935302495956421	0.3642094135284424	0.5713690519332886	2.707156181335449	-1.544266939163208	1.1288459300994873
-1.121731162071228	-1.732832431793213	-0.5472177267074585	-0.8017261028289795	0.7760650515556335	1.6515089273452759	-0.04241661727428436	-0.735468327999115	-0.7503478527069092	-0.7333589792251587	-0.4074729084968567	0.4348427951335907	1.8329412937164307	1.8612921237945557	0.3816859722137451	0.022919367998838425	-0.6462317109107971	1.1550947427749634	1.1373789310455322	1.1190235614776611	0.7710581421852112	-0.049787960946559906	0.2668883800506592	1.1183724403381348	0.550836443901062
0.18475952744483948	-0.02533913403749466	-0.13763348758220673	1.0380147695541382	-1.871973991394043	1.654099702835083	1.248788595199585	1.7087109088897705	1.6450048685073853	-1.2547305822372437	1.0828509330749512	-0.4976438283920288	0.41079673171043396	-2.0068275928497314	-0.06115280091762543	0.9513059854507446	0.03519783914089203	-0.8459414839744568	-0.5568905472755432	-0.07864820212125778	1.1993986368179321	-0.06192734092473984	-0.9105625152587891	-1.306687355041504	-0.785076379776001
0.19791314005851746	-0.2823232114315033	-0.5137758255004883	-0.08890121430158615	-0.6853719353675842	-0.42432788014411926	-0.05447166785597801	0.4933551847934723	-1.7503219842910767	0.21490201354026794	2.048121690750122	1.1684730052947998	0.22839273512363434	0.0857548862695694	-1.9487543106079102	1.5686618089675903	0.9880852699279785	0.8651469945907593	2.059701681137085	-0.8127073645591736	0.5365128517150879	-0.2622060477733612	-1.8491978645324707	1.3365057706832886	-1.0150607824325562
-0.9375098943710327	0.8444089889526367	-1.3840559720993042	-0.14440758526325226	0.7065041661262512	-0.2728568911552429	1.2151925563812256	1.367201805114746	-1.3325550556182861	-1.4810665845870972	-0.9860633611679077	-1.4990028142929077	-1.698552131652832	1.2713712453842163	-1.110394835472107	0.5338467955589294	-0.7667156457901001	0.6217027306556702	2.1751809120178223	-0.10220607370138168	-0.794804036617279	1.115827202796936	-0.8993310332298279	0.49075376987457275	0.5863180160522461
1.2044843435287476	-1.5768463611602783	-0.5066717267036438	-0.7560508251190186	-1.35393226146698	-0.3388465940952301	0.7160095572471619	-1.7267452478408813	-0.08696899563074112	-0.012325470335781574	0.9662479758262634	-1.7696986198425293	-0.3869875967502594	-0.009645987302064896	-1.0826188325881958	0.6636199951171875	-0.8333086371421814	-0.7980771064758301	0.027193432673811913	-0.5797460675239563	-0.43771547079086304	1.196347713470459	0.08624973148107529	-0.4141184985637665	0.11308485269546509
-1.2086968421936035	-1.1774953603744507	0.6906318664550781	-1.3273379802703857	2.5191032886505127	-1.0522139072418213	-1.0331356525421143	2.1966214179992676	0.3043067753314972	-1.1898770332336426	-0.29568567872047424	-0.6501365303993225	1.4926944971084595	1.1241532564163208	0.7361677289009094	-0.019815713167190552	-0.24284760653972626	-0.26906073093414307	0.059549517929553986	-0.3675142228603363	0.22415956854820251	-0.9421325922012329	-1.685831069946289	-0.9285315275192261	-1.2385507822036743
-1.0842273235321045	-0.3647534251213074	-0.10915973037481308	-0.15910732746124268	0.6821686625480652	1.1650630235671997	0.9528065323829651	0.1548021286725998	-0.05785134434700012	-1.0555962324142456	-0.7017322182655334	0.4944078326225281	1.1984689235687256	-0.5671820640563965	-0.32044219970703125	1.5870239734649658	1.5017412900924683	-2.503896474838257	0.8525223135948181	0.056069307029247284	-0.04177967086434364	0.3567603528499603	-1.590651035308838	-0.7374285459518433	-1.2256098985671997
0.06822170317173004	1.0598629713058472	-0.8286237716674805	0.00834554061293602	-0.33935776352882385	0.8295875787734985	0.27893581986427307	-1.0439250469207764	-1.4084335565567017	-0.22759667038917542	-0.657067596912384	-0.5281258821487427	-0.027606122195720673	-0.9013710618019104	1.410591959953308	1.1755781173706055	-0.015821179375052452	-0.570491373538971	2.061748743057251	0.3756428360939026	-0.4315488934516907	-0.696847140789032	-0.5250428318977356	1.2672480344772339	2.6001617908477783
-0.7469598650932312	-1.485211730003357	0.17144477367401123	-0.6094608902931213	0.5303716063499451	-1.1188098192214966	0.911322295665741	-0.017414791509509087	0.01688387617468834	0.6291069388389587	-0.8891196846961975	0.6430041193962097	0.7947233319282532	-0.38905176520347595	-0.5655009746551514	0.18625113368034363	0.446597158908844	0.08053809404373169	0.8753657937049866	-1.267608642578125	0.6280345916748047	1.804305076599121	-3.3579225540161133	-0.83054518699646	0.44503775238990784
-0.9535435438156128	-0.5369613170623779	-0.21836993098258972	-1.793247103691101	0.516005277633667	-1.930364727973938	0.7627156376838684	0.19271530210971832	-1.639954924583435	0.21917004883289337	-0.047368090599775314	-1.8540494441986084	0.23971262574195862	-0.01318379957228899	1.8821499347686768	-0.1987992823123932	0.34216031432151794	-0.8723748922348022	-2.3706929683685303	0.22814211249351501	2.850731611251831	0.30406031012535095	0.8526998162269592	0.3816761374473572	-0.16805846989154816
0.7475682497024536	0.26561734080314636	0.6813992857933044	0.407662570476532	-0.6711186170578003	-0.7779578566551208	0.5234250426292419	-0.9296303391456604	1.2592403888702393	1.0245299339294434	2.5456271171569824	-0.3559750020503998	2.2019195556640625	2.449819803237915	0.6346654295921326	-1.4176955223083496	0.8681912422180176	-0.9120720028877258	0.15837553143501282	-1.618110179901123	-0.8451730608940125	0.8127633333206177	-2.11157488822937	-1.1620748043060303	0.47431257367134094
0.3167360723018646	1.004564881324768	-0.9116712808609009	-1.9530370235443115	0.05467231944203377	0.27370163798332214	-0.15809331834316254	-0.9539161324501038	-0.34868353605270386	0.7242505550384521	-0.08187731355428696	1.186010479927063	2.006624460220337	-0.16724123060703278	-0.26721876859664917	-1.4609942436218262	1.376225233078003	0.1760699301958084	-0.5643553733825684	-0.7628518342971802	0.7610530257225037	-0.5770041942596436	-0.8232795000076294	0.27655139565467834	0.8181967735290527
-0.7706232070922852	-1.6287037134170532	-0.1255737841129303	2.119828224182129	0.5923811793327332	0.8699749112129211	0.010666601359844208	-0.7937403917312622	-0.47307324409484863	-0.9954599738121033	0.13973844051361084	0.2515454590320587	-0.8920790553092957	-0.9939859509468079	-1.561918020248413	0.0018046036129817367	-0.4884745478630066	1.3972811698913574	-0.8185573220252991	0.2049761712551117	0.12717905640602112	0.5112033486366272	0.6548795700073242	-0.1595027595758438	1.1274585723876953
0.5756002068519592	-0.7411293983459473	-0.6263811588287354	1.2195048332214355	0.20683778822422028	-0.21028800308704376	0.44809508323669434	1.2380534410476685	0.6090895533561707	-0.34509867429733276	0.17048980295658112	0.07738689333200455	1.3466490507125854	-0.3217177987098694	-0.21894823014736176	-1.257378101348877	0.03619665652513504	1.8535293340682983	-0.03750534728169441	-1.120945692062378	0.9318327903747559	0.3525245189666748	0.04498112201690674	0.23178668320178986	0.5780455470085144
